<?xml version="1.0" encoding="utf-8"?>
<extension
	type="module"
	version="2.5"
	client="site">
	<name>mod_joomgallery_cats</name>
	<author>Daniel H Pavey</author>
	<creationDate>November 2011</creationDate>
	<copyright>East Devon IT</copyright>
	<license>GNU General Public License version 2 or later; see LICENSE.txt</license>
	<authorEmail>dan@eastdevon.it</authorEmail>
	<authorUrl>www.eastdevonit.co.uk</authorUrl>
	<version>0</version>
	<description></description>
	<files>
		<filename module="mod_joomgallery_cats">mod_joomgallery_cats.php</filename>
		<filename>helper.php</filename>
		<filename>index.html</filename>
		<filename>mod_joomgallery_cats.xml</filename>
		<folder>tmpl</folder>
	</files>
	<languages>
	</languages>
	<config>
		<fields name="params">
			<fieldset name="basic">
				<field
					name="listclass"
					type="text"
					default=""
					label="List Class"
					description="CSS Class for Unordered List" 
					/>
				<field
				    name="categories"
				    type="text"
				    default="0"
				    label="Categories to Display"
				    description="Category ID's of Categories to Display (in a comma seperated list please). Use 0 to display all"
				    />					

			</fieldset>
		</fields>
	</config>
</extension>
